Input,Product,Quantity,Tags
W (/I -- L f1' rade
Zook Sox Jumbo Ultra Said Book Cover,Jumbo Ultra Said Book Cover,Multiple,
Red
iv
GrJumbo Unra said Book cover ON,said Book cover,1,
Stereo Earbuds,Stereo Earbuds,1,
in -ear stereo headphones w/out microphone,ear stereo out microphone,1,
4GB USB 2.0 Drive,Drive,4GB,
"Assorted Colors, Sad Individually"
Crayola Classic Color Crayons,Crayola Classic Color Crayons,Multiple,
24/Box,Box,24,
C-Une Two -Pocket Plastic Folder,Two Pocket Plastic Folder,1,
"Heavyweight w/ 3 -Hole Punch, Red",Hole Punch,1,Red
C -Line Two -Pocket Plastic Folder,Line Two Pocket Plastic Folder,1,
"Heavyweight w/ 3 -Hole Punch, Purple",Hole Punch,1,Purple
C-Une Two -Pc ket Plastic Folder,Two Plastic Folder,1,
"Heavyweight w/ 3 -Hole Punch, Assorted Colors, Sdd Individualy",Hole Punch Assorted Colors,Multiple,
Elmer's Washable School Glue Stick,Elmer Washable Glue Stick,1,
"0.24 oz, Clear",Clear,24,
timer's Washable Glue,timer Washable Glue,1,
"4oz, Liquid",Liquid,4oz,
0) D
1 + x
1
1
1
Tops Composition Book 4,Tops Composition Book,4,
"Wide rule, Bak Marble, Hard Cover, 100 SH/BK"
"Tops Composition Book, Wide rule",Tops Composition Book Wide rule,Multiple,
"ape, Hard Corer, 100 SH/BK"
"Taps unction Book, Wide rule",Taps unction Book Wide rule,Multiple,
"Green, Had Cover, 100 Si -V <",Green Had Cover 100,1,
"Corrroston Book, Ode rule",Book Ode rule,1,
"Haiti Cover, 100 Sf JBK",Haiti Cover 100,1,
1
1
x
X
+ X
